<?xml version="1.0" encoding="UTF-8"?>
<root>
  <item name="android.hardware.biometrics.BiometricManager android.hardware.biometrics.BiometricManager.Strings getStrings(int)">
    <annotation name="androidx.annotation.RequiresPermission">
      <val name="value" val="&quot;android.permission.USE_BIOMETRIC&quot;" />
    </annotation>
  </item>
  <item name="android.hardware.biometrics.BiometricManager android.hardware.biometrics.BiometricManager.Strings getStrings(int) 0">
    <annotation name="androidx.annotation.IntDef">
      <val name="value" val="{android.hardware.biometrics.BiometricManager.Authenticators.BIOMETRIC_STRONG, android.hardware.biometrics.BiometricManager.Authenticators.BIOMETRIC_WEAK, android.hardware.biometrics.BiometricManager.Authenticators.DEVICE_CREDENTIAL}" />
      <val name="flag" val="true" />
    </annotation>
  </item>
  <item name="android.hardware.biometrics.BiometricManager int canAuthenticate()">
    <annotation name="androidx.annotation.RequiresPermission">
      <val name="value" val="&quot;android.permission.USE_BIOMETRIC&quot;" />
    </annotation>
    <annotation name="androidx.annotation.IntDef">
      <val name="value" val="{android.hardware.biometrics.BiometricManager.BIOMETRIC_SUCCESS, android.hardware.biometrics.BiometricManager.BIOMETRIC_ERROR_HW_UNAVAILABLE, android.hardware.biometrics.BiometricManager.BIOMETRIC_ERROR_NONE_ENROLLED, android.hardware.biometrics.BiometricManager.BIOMETRIC_ERROR_NO_HARDWARE, android.hardware.biometrics.BiometricManager.BIOMETRIC_ERROR_SECURITY_UPDATE_REQUIRED}" />
    </annotation>
  </item>
  <item name="android.hardware.biometrics.BiometricManager int canAuthenticate(int)">
    <annotation name="androidx.annotation.RequiresPermission">
      <val name="value" val="&quot;android.permission.USE_BIOMETRIC&quot;" />
    </annotation>
    <annotation name="androidx.annotation.IntDef">
      <val name="value" val="{android.hardware.biometrics.BiometricManager.BIOMETRIC_SUCCESS, android.hardware.biometrics.BiometricManager.BIOMETRIC_ERROR_HW_UNAVAILABLE, android.hardware.biometrics.BiometricManager.BIOMETRIC_ERROR_NONE_ENROLLED, android.hardware.biometrics.BiometricManager.BIOMETRIC_ERROR_NO_HARDWARE, android.hardware.biometrics.BiometricManager.BIOMETRIC_ERROR_SECURITY_UPDATE_REQUIRED}" />
    </annotation>
  </item>
  <item name="android.hardware.biometrics.BiometricManager int canAuthenticate(int) 0">
    <annotation name="androidx.annotation.IntDef">
      <val name="value" val="{android.hardware.biometrics.BiometricManager.Authenticators.BIOMETRIC_STRONG, android.hardware.biometrics.BiometricManager.Authenticators.BIOMETRIC_WEAK, android.hardware.biometrics.BiometricManager.Authenticators.DEVICE_CREDENTIAL}" />
      <val name="flag" val="true" />
    </annotation>
  </item>
  <item name="android.hardware.biometrics.BiometricManager long getLastAuthenticationTime(int)">
    <annotation name="androidx.annotation.RequiresPermission">
      <val name="value" val="&quot;android.permission.USE_BIOMETRIC&quot;" />
    </annotation>
  </item>
  <item name="android.hardware.biometrics.BiometricManager long getLastAuthenticationTime(int) 0">
    <annotation name="androidx.annotation.IntDef">
      <val name="value" val="{android.hardware.biometrics.BiometricManager.Authenticators.BIOMETRIC_STRONG, android.hardware.biometrics.BiometricManager.Authenticators.BIOMETRIC_WEAK, android.hardware.biometrics.BiometricManager.Authenticators.DEVICE_CREDENTIAL}" />
      <val name="flag" val="true" />
    </annotation>
  </item>
  <item name="android.hardware.biometrics.BiometricManager.Strings java.lang.CharSequence getButtonLabel()">
    <annotation name="androidx.annotation.RequiresPermission">
      <val name="value" val="&quot;android.permission.USE_BIOMETRIC&quot;" />
    </annotation>
  </item>
  <item name="android.hardware.biometrics.BiometricManager.Strings java.lang.CharSequence getPromptMessage()">
    <annotation name="androidx.annotation.RequiresPermission">
      <val name="value" val="&quot;android.permission.USE_BIOMETRIC&quot;" />
    </annotation>
  </item>
  <item name="android.hardware.biometrics.BiometricManager.Strings java.lang.CharSequence getSettingName()">
    <annotation name="androidx.annotation.RequiresPermission">
      <val name="value" val="&quot;android.permission.USE_BIOMETRIC&quot;" />
    </annotation>
  </item>
  <item name="android.hardware.biometrics.BiometricPrompt android.graphics.Bitmap getLogoBitmap()">
    <annotation name="androidx.annotation.RequiresPermission">
      <val name="value" val="&quot;android.permission.SET_BIOMETRIC_DIALOG_ADVANCED&quot;" />
    </annotation>
  </item>
  <item name="android.hardware.biometrics.BiometricPrompt int getLogoRes()">
    <annotation name="androidx.annotation.RequiresPermission">
      <val name="value" val="&quot;android.permission.SET_BIOMETRIC_DIALOG_ADVANCED&quot;" />
    </annotation>
    <annotation name="androidx.annotation.DrawableRes"/>
  </item>
  <item name="android.hardware.biometrics.BiometricPrompt java.lang.String getLogoDescription()">
    <annotation name="androidx.annotation.RequiresPermission">
      <val name="value" val="&quot;android.permission.SET_BIOMETRIC_DIALOG_ADVANCED&quot;" />
    </annotation>
  </item>
  <item name="android.hardware.biometrics.BiometricPrompt void authenticate(android.hardware.biometrics.BiometricPrompt.CryptoObject, android.os.CancellationSignal, java.util.concurrent.Executor, android.hardware.biometrics.BiometricPrompt.AuthenticationCallback)">
    <annotation name="androidx.annotation.RequiresPermission">
      <val name="value" val="&quot;android.permission.USE_BIOMETRIC&quot;" />
    </annotation>
  </item>
  <item name="android.hardware.biometrics.BiometricPrompt void authenticate(android.os.CancellationSignal, java.util.concurrent.Executor, android.hardware.biometrics.BiometricPrompt.AuthenticationCallback)">
    <annotation name="androidx.annotation.RequiresPermission">
      <val name="value" val="&quot;android.permission.USE_BIOMETRIC&quot;" />
    </annotation>
  </item>
  <item name="android.hardware.biometrics.BiometricPrompt.AuthenticationResult int getAuthenticationType()">
    <annotation name="androidx.annotation.IntDef">
      <val name="value" val="{android.hardware.biometrics.BiometricPrompt.AUTHENTICATION_RESULT_TYPE_DEVICE_CREDENTIAL, android.hardware.biometrics.BiometricPrompt.AUTHENTICATION_RESULT_TYPE_BIOMETRIC}" />
    </annotation>
  </item>
  <item name="android.hardware.biometrics.BiometricPrompt.Builder android.hardware.biometrics.BiometricPrompt.Builder setAllowedAuthenticators(int) 0">
    <annotation name="androidx.annotation.IntDef">
      <val name="value" val="{android.hardware.biometrics.BiometricManager.Authenticators.BIOMETRIC_STRONG, android.hardware.biometrics.BiometricManager.Authenticators.BIOMETRIC_WEAK, android.hardware.biometrics.BiometricManager.Authenticators.DEVICE_CREDENTIAL}" />
      <val name="flag" val="true" />
    </annotation>
  </item>
  <item name="android.hardware.biometrics.BiometricPrompt.Builder android.hardware.biometrics.BiometricPrompt.Builder setLogoBitmap(android.graphics.Bitmap)">
    <annotation name="androidx.annotation.RequiresPermission">
      <val name="value" val="&quot;android.permission.SET_BIOMETRIC_DIALOG_ADVANCED&quot;" />
    </annotation>
  </item>
  <item name="android.hardware.biometrics.BiometricPrompt.Builder android.hardware.biometrics.BiometricPrompt.Builder setLogoDescription(java.lang.String)">
    <annotation name="androidx.annotation.RequiresPermission">
      <val name="value" val="&quot;android.permission.SET_BIOMETRIC_DIALOG_ADVANCED&quot;" />
    </annotation>
  </item>
  <item name="android.hardware.biometrics.BiometricPrompt.Builder android.hardware.biometrics.BiometricPrompt.Builder setLogoRes(int)">
    <annotation name="androidx.annotation.RequiresPermission">
      <val name="value" val="&quot;android.permission.SET_BIOMETRIC_DIALOG_ADVANCED&quot;" />
    </annotation>
  </item>
  <item name="android.hardware.biometrics.BiometricPrompt.Builder android.hardware.biometrics.BiometricPrompt.Builder setLogoRes(int) 0">
    <annotation name="androidx.annotation.DrawableRes"/>
  </item>
  <item name="android.hardware.biometrics.PromptContentViewWithMoreOptionsButton android.content.DialogInterface.OnClickListener getMoreOptionsButtonListener()">
    <annotation name="androidx.annotation.RequiresPermission">
      <val name="value" val="&quot;android.permission.SET_BIOMETRIC_DIALOG_ADVANCED&quot;" />
    </annotation>
  </item>
  <item name="android.hardware.biometrics.PromptContentViewWithMoreOptionsButton java.lang.String getDescription()">
    <annotation name="androidx.annotation.RequiresPermission">
      <val name="value" val="&quot;android.permission.SET_BIOMETRIC_DIALOG_ADVANCED&quot;" />
    </annotation>
  </item>
  <item name="android.hardware.biometrics.PromptContentViewWithMoreOptionsButton.Builder android.hardware.biometrics.PromptContentViewWithMoreOptionsButton build()">
    <annotation name="androidx.annotation.RequiresPermission">
      <val name="value" val="&quot;android.permission.SET_BIOMETRIC_DIALOG_ADVANCED&quot;" />
    </annotation>
  </item>
  <item name="android.hardware.biometrics.PromptContentViewWithMoreOptionsButton.Builder android.hardware.biometrics.PromptContentViewWithMoreOptionsButton.Builder setDescription(java.lang.String)">
    <annotation name="androidx.annotation.RequiresPermission">
      <val name="value" val="&quot;android.permission.SET_BIOMETRIC_DIALOG_ADVANCED&quot;" />
    </annotation>
  </item>
  <item name="android.hardware.biometrics.PromptContentViewWithMoreOptionsButton.Builder android.hardware.biometrics.PromptContentViewWithMoreOptionsButton.Builder setMoreOptionsButtonListener(java.util.concurrent.Executor, android.content.DialogInterface.OnClickListener)">
    <annotation name="androidx.annotation.RequiresPermission">
      <val name="value" val="&quot;android.permission.SET_BIOMETRIC_DIALOG_ADVANCED&quot;" />
    </annotation>
  </item>
</root>

